feature,importance
total_volume,0.26379414966377557
avg_size,0.26128170482770247
trades_count,0.23980619428468558
avg_pnl,0.2351179512238363
